Variable,Ganador,LogLik,AIC,BIC,rho12,rho13,rho23
FFEL SUBSIDIZED # of Disbursements_PIT,Gaussian,0.41733485259021075,5.1653302948195785,19.921415951880995,0.022025942853781864,-0.00609911282725429,0.0172370163672535
