Variable,Ganador,LogLik,AIC,BIC,rho12,rho13,rho23,nu
FFEL PARENT PLUS # of Disbursements_PIT,t,1377.0067481186304,-2746.013496237261,-2726.338715361179,0.022780423362103022,-0.06954543652113278,-0.03732959487864451,15
