marginal,domain,KS_stat,p_value,params
Lognormal (x>0),x,0.04798288729446509,3.2717061717831685e-07,"(1.8954602848163216, 0.0, 30.563156681665006)"
Gamma (x>0),x,0.1206257791729024,2.2291199979749898e-43,"(0.3942654346548081, 0.0, 412.9962168304245)"
t-Student (log x),x_log,0.047985450030591265,3.266252424558921e-07,"(510561525.4992795, 3.4198017677163843, 1.8954445564847662)"
