marginal,domain,KS_stat,p_value,params
Lognormal (x>0),x,0.047982887294465204,3.2717061717829286e-07,"(1.8954602848163216, 0.0, 30.563156681665006)"
Gamma (x>0),x,0.12062577917290263,2.229119997974182e-43,"(0.3942654346548081, 0.0, 412.9962168304245)"
t-Student (log x),x_log,0.04798545003059122,3.2662524245590067e-07,"(510561525.4992795, 3.4198017677163843, 1.8954445564847662)"
